pre_2	pre_2
pre_3	pre_3
pre_4	pre_4
pre_6	pre_6
pre_11	pre_11
pre_11	pre_5
pre_12	pre_12
pre_13	pre_13
pre_15	pre_15
pre_15	pre_25
pre_17	pre_17
pre_19	pre_19
pre_19	pre_296
pre_19	pre_2337
pre_21	pre_21
pre_22	pre_22
pre_23	pre_23
pre_24	pre_24
pre_26	pre_26
pre_26	pre_16
pre_26	pre_18
pre_26	pre_28
pre_26	pre_1946
pre_26	pre_1952
pre_27	pre_27
pre_29	pre_29
pre_30	pre_30
pre_32	pre_32
pre_33	pre_33
pre_35	pre_35
pre_40	pre_40
pre_40	pre_2116
pre_40	pre_263
pre_41	pre_41
pre_42	pre_42
pre_43	pre_43
pre_46	pre_46
pre_46	pre_44
pre_47	pre_47
pre_50	pre_50
pre_51	pre_51
pre_52	pre_52
pre_52	pre_1864
pre_53	pre_53
pre_54	pre_54
pre_56	pre_56
pre_56	pre_1706
pre_57	pre_57
pre_59	pre_59
pre_59	pre_58
pre_66	pre_66
pre_66	pre_2583
pre_66	pre_2193
pre_66	pre_1
pre_66	pre_2989
pre_79	pre_79
pre_79	pre_1971
pre_79	pre_2543
pre_86	pre_86
pre_112	pre_112
pre_114	pre_114
pre_117	pre_117
pre_118	pre_118
pre_119	pre_119
pre_125	pre_125
pre_126	pre_126
pre_126	pre_108
pre_126	pre_111
pre_134	pre_134
pre_134	pre_138
pre_134	pre_132
pre_2502	pre_2502
pre_2505	pre_2505
pre_2509	pre_2509
pre_2523	pre_2523
pre_2529	pre_2529
pre_2529	pre_2891
pre_2529	pre_2042
pre_2529	pre_2763
pre_2529	pre_2762
pre_2529	pre_2209
pre_2531	pre_2531
pre_2534	pre_2534
pre_2534	pre_2764
pre_2534	pre_2200
pre_2535	pre_2535
pre_2535	pre_9
pre_2541	pre_2541
pre_2541	pre_2496
pre_2549	pre_2549
pre_2549	pre_2906
pre_2550	pre_2550
pre_2551	pre_2551
pre_2551	pre_2719
pre_2551	pre_2031
pre_2551	pre_2746
pre_2551	pre_2614
pre_2551	pre_2675
pre_2551	pre_2798
pre_2551	pre_2975
pre_2551	pre_2976
pre_2551	pre_2862
pre_2551	pre_2527
pre_2551	pre_2239
pre_2551	pre_2735
pre_2551	pre_2632
pre_2555	pre_2555
pre_2557	pre_2557
pre_2567	pre_2567
pre_2568	pre_2568
pre_2568	pre_2110
pre_2568	pre_8
pre_2568	pre_7
pre_2569	pre_2569
pre_2569	pre_2915
pre_2575	pre_2575
pre_2576	pre_2576
pre_2580	pre_2580
pre_2580	pre_2860
pre_2580	pre_2600
pre_2580	pre_2660
pre_2580	pre_2085
pre_2584	pre_2584
pre_2584	pre_2914
pre_2584	pre_2694
pre_2584	pre_2501
pre_2584	pre_2019
pre_2584	pre_1949
pre_2584	pre_2454
pre_2584	pre_2698
pre_2584	pre_2747
pre_2584	pre_2226
pre_2584	pre_2679
pre_2584	pre_10
pre_2584	pre_306
pre_2584	pre_2238
pre_2584	pre_2571
pre_2584	pre_2615
pre_2584	pre_2889
pre_2584	pre_2149
pre_2584	pre_2818
pre_2584	pre_2162
pre_2584	pre_2329
pre_2584	pre_2371
pre_2584	pre_2604
pre_2584	pre_2739
pre_2584	pre_2011
pre_2584	pre_2872
pre_2584	pre_1590
pre_2584	pre_2190
pre_2584	pre_2262
pre_2584	pre_2530
pre_2584	pre_2164
pre_2584	pre_2547
pre_2584	pre_2705
pre_2584	pre_2857
pre_2584	pre_2865
pre_2584	pre_299
pre_2584	pre_1639
pre_2584	pre_1645
pre_2584	pre_1943
pre_2584	pre_2123
pre_2584	pre_2161
pre_2584	pre_2194
pre_2584	pre_2624
pre_2584	pre_2667
pre_2584	pre_2678
pre_2584	pre_2759
pre_2584	pre_2768
pre_2584	pre_65
pre_2584	pre_284
pre_2584	pre_2233
pre_2584	pre_2322
pre_2584	pre_2352
pre_2584	pre_294
pre_2584	pre_2063
pre_2584	pre_2285
pre_2584	pre_83
pre_2584	pre_116
pre_2584	pre_1955
pre_2584	pre_2526
pre_2584	pre_2574
pre_2584	pre_2613
pre_2584	pre_2205
pre_2584	pre_115
pre_2584	pre_1982
pre_2584	pre_1985
pre_2584	pre_2124
pre_2584	pre_2219
pre_2584	pre_2223
pre_2584	pre_2504
pre_2584	pre_2544
pre_2584	pre_2585
pre_2584	pre_2722
pre_2584	pre_2754
pre_2584	pre_2808
pre_2584	pre_2815
pre_2584	pre_2921
pre_2584	pre_2923
pre_2584	pre_143
pre_2584	pre_292
pre_2584	pre_297
pre_2584	pre_2188
pre_2584	pre_2208
pre_2584	pre_2275
pre_2584	pre_2616
pre_2584	pre_2938
pre_2584	pre_2435
pre_2584	pre_2464
pre_2584	pre_2467
pre_2584	pre_2481
pre_2584	pre_2495
pre_2584	pre_2503
pre_2584	pre_2516
pre_2584	pre_2553
pre_2584	pre_2590
pre_2584	pre_2607
pre_2584	pre_2651
pre_2584	pre_2822
pre_2584	pre_2618
pre_2584	pre_2640
pre_2584	pre_2639
pre_2584	pre_2674
pre_2584	pre_2676
pre_2584	pre_2736
pre_2584	pre_2760
pre_2584	pre_2820
pre_2584	pre_2839
pre_2584	pre_2852
pre_2584	pre_2941
pre_2584	pre_2947
pre_2584	pre_2982
pre_2584	pre_2990
pre_2584	pre_150
pre_2584	pre_308
pre_2584	pre_2118
pre_2584	pre_2197
pre_2584	pre_2486
pre_2584	pre_2522
pre_2584	pre_2671
pre_2584	pre_2056
pre_2584	pre_2055
pre_2584	pre_68
pre_2584	pre_2812
pre_2584	pre_2067
pre_2584	pre_1738
pre_2587	pre_2587
pre_2589	pre_2589
pre_2595	pre_2595
pre_2596	pre_2596
pre_2596	pre_2108
pre_2599	pre_2599
pre_2870	pre_2870
pre_2870	pre_2539
pre_2870	pre_2919
pre_2870	pre_2021
pre_2870	pre_2024
pre_2870	pre_2038
pre_2870	pre_2127
pre_2870	pre_2129
pre_2870	pre_2132
pre_2870	pre_2171
pre_2870	pre_2634
pre_2870	pre_2662
pre_2870	pre_2703
pre_2870	pre_2893
pre_2870	pre_2926
pre_2870	pre_2957
pre_2870	pre_2728
pre_2870	pre_2602
pre_2870	pre_2867
pre_2870	pre_2855
pre_2870	pre_2556
pre_2870	pre_2755
pre_2870	pre_2969
pre_2870	pre_2511
pre_2873	pre_2873
pre_2873	pre_61
pre_2873	pre_60
pre_2873	pre_124
pre_2873	pre_145
pre_2873	pre_64
pre_2873	pre_70
pre_2873	pre_78
pre_2873	pre_85
pre_2873	pre_101
pre_2873	pre_69
pre_2873	pre_104
pre_2873	pre_110
pre_2873	pre_123
pre_2873	pre_135
pre_2873	pre_136
pre_2873	pre_73
pre_2873	pre_137
pre_2873	pre_131
pre_2873	pre_140
pre_2873	pre_142
pre_2873	pre_151
pre_2875	pre_2875
pre_2875	pre_2944
pre_2875	pre_2145
pre_2875	pre_2452
pre_2875	pre_2453
pre_2875	pre_2053
pre_2875	pre_2286
pre_2875	pre_2883
pre_2875	pre_2008
pre_2875	pre_2303
pre_2875	pre_2320
pre_2875	pre_2330
pre_2875	pre_2353
pre_2875	pre_2740
pre_2875	pre_2291
pre_2886	pre_2886
pre_2886	pre_2477
pre_2890	pre_2890
pre_2890	pre_2041
pre_2898	pre_2898
pre_2898	pre_2033
pre_2898	pre_1716
pre_2898	pre_2107
pre_2898	pre_2620
pre_2898	pre_1636
pre_2898	pre_1701
pre_2898	pre_2492
pre_2898	pre_2222
pre_2904	pre_2904
pre_2913	pre_2913
pre_2920	pre_2920
pre_2920	pre_2724
pre_2920	pre_2749
pre_2920	pre_2645
pre_2924	pre_2924
pre_2924	pre_2105
pre_2924	pre_2577
pre_2928	pre_2928
pre_2936	pre_2936
pre_2939	pre_2939
pre_2939	pre_2847
pre_2942	pre_2942
pre_2943	pre_2943
pre_2946	pre_2946
pre_2948	pre_2948
pre_2948	pre_2581
pre_2953	pre_2953
pre_2953	pre_2466
pre_2953	pre_2470
pre_2953	pre_2104
pre_2956	pre_2956
pre_2956	pre_2538
pre_2956	pre_2598
pre_2956	pre_2927
pre_2956	pre_2037
pre_2956	pre_2696
pre_2956	pre_2702
pre_2956	pre_2713
pre_2956	pre_2959
pre_2956	pre_2128
pre_2956	pre_2649
pre_2956	pre_2661
pre_2956	pre_2684
pre_2956	pre_2733
pre_2956	pre_2892
pre_2956	pre_2925
pre_2956	pre_2519
pre_2956	pre_2020
pre_2956	pre_2633
pre_2956	pre_2823
pre_2956	pre_2126
pre_2956	pre_2170
pre_2956	pre_2248
pre_2963	pre_2963
pre_2967	pre_2967
pre_2968	pre_2968
pre_2968	pre_2191
pre_2968	pre_2201
pre_2968	pre_2572
pre_2968	pre_2605
pre_2968	pre_2806
pre_2968	pre_2801
pre_2968	pre_2908
pre_2970	pre_2970
pre_2971	pre_2971
pre_2978	pre_2978
pre_2979	pre_2979
pre_2979	pre_102
pre_2979	pre_122
pre_2979	pre_2707
pre_2979	pre_2929
pre_2984	pre_2984
pre_2984	pre_2983
pre_2985	pre_2985
pre_2987	pre_2987
pre_2987	pre_647
pre_2987	pre_641
pre_2987	pre_1050
pre_2987	pre_1090
pre_2987	pre_1096
pre_2987	pre_1137
pre_2987	pre_1295
pre_2987	pre_1438
pre_2987	pre_1454
pre_2987	pre_1485
pre_2987	pre_841
pre_2987	pre_1076
pre_2987	pre_1399
pre_2987	pre_1494
pre_2987	pre_1489
pre_2987	pre_211
pre_2987	pre_700
pre_2991	pre_2991
pre_2991	pre_2214
pre_2991	pre_2426
pre_2991	pre_2758
pre_2991	pre_2425
pre_2991	pre_2582
pre_2991	pre_298
pre_2991	pre_2070
pre_2991	pre_295
pre_2991	pre_1958
pre_2991	pre_1974
pre_2991	pre_1978
pre_2991	pre_2078
pre_2991	pre_2224
pre_2991	pre_2517
pre_2991	pre_2578
pre_2991	pre_2592
pre_2991	pre_2603
pre_2991	pre_2625
pre_2991	pre_2668
pre_2991	pre_2856
pre_2991	pre_2866
pre_2991	pre_2980
pre_2991	pre_2494
pre_2991	pre_2871
pre_2994	pre_2994
pre_2996	pre_2996
pre_2998	pre_2998
pre_2999	pre_2999
pre_3000	pre_3000
pre_261	pre_261
pre_261	pre_258
pre_262	pre_262
pre_264	pre_264
pre_265	pre_265
pre_266	pre_266
pre_268	pre_268
pre_269	pre_269
pre_270	pre_270
pre_272	pre_272
pre_273	pre_273
pre_276	pre_276
pre_276	pre_103
pre_276	pre_109
pre_276	pre_127
pre_276	pre_144
pre_277	pre_277
pre_277	pre_2513
pre_277	pre_2196
pre_277	pre_2821
pre_277	pre_2101
pre_277	pre_2203
pre_277	pre_2456
pre_277	pre_2099
pre_277	pre_31
pre_278	pre_278
pre_279	pre_279
pre_280	pre_280
pre_281	pre_281
pre_281	pre_2757
pre_281	pre_289
pre_287	pre_287
pre_291	pre_291
pre_300	pre_300
pre_301	pre_301
pre_304	pre_304
pre_304	pre_302
pre_305	pre_305
pre_307	pre_307
pre_309	pre_309
pre_309	pre_38
pre_309	pre_74
pre_309	pre_317
pre_309	pre_148
pre_310	pre_310
pre_310	pre_39
pre_310	pre_75
pre_310	pre_318
pre_310	pre_149
pre_315	pre_315
pre_316	pre_316
pre_319	pre_319
pre_320	pre_320
pre_320	pre_321
pre_322	pre_322
pre_323	pre_323
pre_326	pre_326
pre_326	pre_1710
pre_326	pre_1711
pre_326	pre_1713
pre_326	pre_1712
pre_326	pre_240
pre_326	pre_241
pre_326	pre_324
pre_326	pre_325
pre_328	pre_328
pre_329	pre_329
pre_330	pre_330
pre_332	pre_332
pre_332	pre_2518
pre_332	pre_1696
pre_334	pre_334
pre_336	pre_336
pre_337	pre_337
pre_339	pre_339
pre_340	pre_340
pre_341	pre_341
pre_344	pre_344
pre_344	pre_333
pre_345	pre_345
pre_345	pre_154
pre_345	pre_160
pre_345	pre_348
pre_346	pre_346
pre_346	pre_174
pre_346	pre_343
pre_346	pre_342
pre_346	pre_338
pre_346	pre_2189
pre_346	pre_271
pre_347	pre_347
pre_350	pre_350
pre_356	pre_356
pre_356	pre_354
pre_360	pre_360
pre_362	pre_362
pre_370	pre_370
pre_370	pre_381
pre_370	pre_385
pre_370	pre_386
pre_370	pre_395
pre_370	pre_400
pre_370	pre_474
pre_370	pre_549
pre_370	pre_551
pre_370	pre_586
pre_370	pre_359
pre_370	pre_368
pre_370	pre_379
pre_370	pre_375
pre_370	pre_863
pre_370	pre_351
pre_370	pre_355
pre_370	pre_357
pre_370	pre_358
pre_370	pre_363
pre_370	pre_625
pre_370	pre_628
pre_370	pre_629
pre_370	pre_634
pre_370	pre_635
pre_370	pre_849
pre_370	pre_850
pre_370	pre_853
pre_370	pre_855
pre_370	pre_660
pre_370	pre_859
pre_370	pre_920
pre_370	pre_925
pre_370	pre_962
pre_370	pre_965
pre_370	pre_984
pre_370	pre_995
pre_370	pre_997
pre_370	pre_1001
pre_370	pre_1008
pre_370	pre_1011
pre_370	pre_1027
pre_370	pre_1036
pre_370	pre_1044
pre_370	pre_1075
pre_370	pre_1029
pre_370	pre_1078
pre_370	pre_1154
pre_370	pre_599
pre_370	pre_1099
pre_370	pre_1105
pre_370	pre_217
pre_370	pre_665
pre_370	pre_1387
pre_370	pre_835
pre_370	pre_822
pre_370	pre_1003
pre_370	pre_1018
pre_370	pre_1039
pre_370	pre_1491
pre_370	pre_1492
pre_370	pre_1337
pre_370	pre_614
pre_370	pre_860
pre_370	pre_928
pre_370	pre_1074
pre_370	pre_366
pre_370	pre_1038
pre_370	pre_1093
pre_370	pre_1070
pre_370	pre_1157
pre_370	pre_374
pre_370	pre_636
pre_370	pre_642
pre_370	pre_935
pre_370	pre_936
pre_370	pre_945
pre_370	pre_646
pre_370	pre_653
pre_370	pre_994
pre_370	pre_1155
pre_378	pre_378
pre_378	pre_1030
pre_378	pre_1024
pre_378	pre_1297
pre_378	pre_1431
pre_378	pre_1442
pre_378	pre_364
pre_378	pre_1010
pre_383	pre_383
pre_387	pre_387
pre_387	pre_384
pre_394	pre_394
pre_424	pre_424
pre_430	pre_430
pre_533	pre_533
pre_533	pre_404
pre_533	pre_426
pre_533	pre_464
pre_533	pre_451
pre_545	pre_545
pre_545	pre_483
pre_559	pre_559
pre_559	pre_415
pre_559	pre_555
pre_559	pre_558
pre_559	pre_1014
pre_596	pre_596
pre_608	pre_608
pre_621	pre_621
pre_621	pre_664
pre_621	pre_854
pre_621	pre_1091
pre_623	pre_623
pre_624	pre_624
pre_624	pre_3013
pre_624	pre_620
pre_627	pre_627
pre_637	pre_637
pre_637	pre_1201
pre_639	pre_639
pre_648	pre_648
pre_648	pre_1808
pre_650	pre_650
pre_655	pre_655
pre_655	pre_1638
pre_662	pre_662
pre_662	pre_1555
pre_662	pre_1582
pre_662	pre_1603
pre_662	pre_1633
pre_662	pre_1513
pre_662	pre_1550
pre_662	pre_1560
pre_662	pre_1622
pre_662	pre_2732
pre_662	pre_1047
pre_662	pre_1310
pre_662	pre_1054
pre_679	pre_679
pre_681	pre_681
pre_681	pre_1121
pre_681	pre_609
pre_681	pre_1490
pre_681	pre_1493
pre_681	pre_942
pre_681	pre_1084
pre_681	pre_1406
pre_682	pre_682
pre_682	pre_858
pre_682	pre_1059
pre_682	pre_1002
pre_682	pre_645
pre_682	pre_373
pre_682	pre_1005
pre_682	pre_1245
pre_682	pre_1375
pre_687	pre_687
pre_687	pre_613
pre_693	pre_693
pre_699	pre_699
pre_699	pre_601
pre_699	pre_1080
pre_699	pre_1055
pre_699	pre_680
pre_706	pre_706
pre_712	pre_712
pre_714	pre_714
pre_772	pre_772
pre_773	pre_773
pre_774	pre_774
pre_794	pre_794
pre_818	pre_818
pre_818	pre_715
pre_824	pre_824
pre_824	pre_1176
pre_824	pre_1192
pre_824	pre_1193
pre_824	pre_1195
pre_824	pre_1196
pre_824	pre_1197
pre_824	pre_1205
pre_824	pre_1183
pre_824	pre_797
pre_824	pre_768
pre_824	pre_953
pre_824	pre_948
pre_824	pre_957
pre_824	pre_808
pre_824	pre_365
pre_824	pre_1156
pre_824	pre_372
pre_824	pre_654
pre_824	pre_663
pre_824	pre_821
pre_824	pre_837
pre_824	pre_838
pre_824	pre_1017
pre_824	pre_678
pre_824	pre_644
pre_824	pre_391
pre_824	pre_382
pre_824	pre_866
pre_824	pre_870
pre_824	pre_872
pre_824	pre_876
pre_824	pre_903
pre_824	pre_910
pre_824	pre_1208
pre_824	pre_1213
pre_824	pre_882
pre_824	pre_896
pre_824	pre_899
pre_824	pre_891
pre_824	pre_901
pre_824	pre_906
pre_824	pre_959
pre_824	pre_998
pre_824	pre_1218
pre_824	pre_915
pre_824	pre_963
pre_824	pre_640
pre_824	pre_698
pre_824	pre_683
pre_824	pre_726
pre_824	pre_388
pre_824	pre_701
pre_824	pre_707
pre_824	pre_728
pre_824	pre_993
pre_824	pre_748
pre_824	pre_361
pre_824	pre_1212
pre_824	pre_369
pre_824	pre_376
pre_825	pre_825
pre_839	pre_839
pre_839	pre_823
pre_839	pre_836
pre_844	pre_844
pre_844	pre_671
pre_844	pre_1088
pre_844	pre_1013
pre_847	pre_847
pre_848	pre_848
pre_851	pre_851
pre_864	pre_864
pre_883	pre_883
pre_927	pre_927
pre_927	pre_926
pre_932	pre_932
pre_941	pre_941
pre_941	pre_626
pre_943	pre_943
pre_955	pre_955
pre_958	pre_958
pre_961	pre_961
pre_971	pre_971
pre_971	pre_949
pre_971	pre_727
pre_971	pre_952
pre_989	pre_989
pre_1000	pre_1000
pre_1000	pre_907
pre_1004	pre_1004
pre_1007	pre_1007
pre_1015	pre_1015
pre_1025	pre_1025
pre_1061	pre_1061
pre_1062	pre_1062
pre_1072	pre_1072
pre_1072	pre_1006
pre_1073	pre_1073
pre_1082	pre_1082
pre_1083	pre_1083
pre_1085	pre_1085
pre_1085	pre_1067
pre_1089	pre_1089
pre_1109	pre_1109
pre_1109	pre_1143
pre_1110	pre_1110
pre_1113	pre_1113
pre_1113	pre_1325
pre_1113	pre_1389
pre_1113	pre_1395
pre_1119	pre_1119
pre_1119	pre_1071
pre_1119	pre_649
pre_1119	pre_1384
pre_1122	pre_1122
pre_1122	pre_1294
pre_1132	pre_1132
pre_1132	pre_1046
pre_1132	pre_1311
pre_1132	pre_1314
pre_1132	pre_950
pre_1132	pre_954
pre_1132	pre_978
pre_1132	pre_968
pre_1132	pre_967
pre_1132	pre_1123
pre_1132	pre_1378
pre_1132	pre_869
pre_1132	pre_873
pre_1132	pre_890
pre_1132	pre_908
pre_1132	pre_897
pre_1132	pre_912
pre_1132	pre_877
pre_1132	pre_1484
pre_1132	pre_1460
pre_1132	pre_1466
pre_1132	pre_1482
pre_1132	pre_1147
pre_1132	pre_1367
pre_1132	pre_1413
pre_1132	pre_1414
pre_1132	pre_1430
pre_1132	pre_1433
pre_1132	pre_1435
pre_1132	pre_1444
pre_1132	pre_1352
pre_1132	pre_1355
pre_1132	pre_1360
pre_1132	pre_1363
pre_1132	pre_1385
pre_1132	pre_1426
pre_1132	pre_1449
pre_1132	pre_1452
pre_1132	pre_1458
pre_1132	pre_1128
pre_1132	pre_1135
pre_1132	pre_1379
pre_1132	pre_1056
pre_1132	pre_1021
pre_1132	pre_1429
pre_1132	pre_1456
pre_1132	pre_1405
pre_1132	pre_1388
pre_1132	pre_861
pre_1132	pre_1420
pre_1132	pre_1151
pre_1132	pre_1298
pre_1132	pre_1411
pre_1140	pre_1140
pre_1141	pre_1141
pre_1142	pre_1142
pre_1142	pre_1079
pre_1142	pre_1400
pre_1145	pre_1145
pre_1148	pre_1148
pre_1148	pre_1138
pre_1148	pre_1127
pre_1148	pre_1345
pre_1148	pre_1339
pre_1148	pre_689
pre_1148	pre_690
pre_1148	pre_1152
pre_1161	pre_1161
pre_1161	pre_1163
pre_1161	pre_1166
pre_1161	pre_1173
pre_1165	pre_1165
pre_1165	pre_1164
pre_1168	pre_1168
pre_1171	pre_1171
pre_1189	pre_1189
pre_1194	pre_1194
pre_1194	pre_643
pre_1194	pre_1279
pre_1194	pre_1715
pre_1194	pre_1272
pre_1194	pre_1282
pre_1194	pre_1273
pre_1194	pre_1276
pre_1194	pre_1277
pre_1194	pre_1283
pre_1194	pre_1284
pre_1194	pre_1286
pre_1194	pre_652
pre_1194	pre_666
pre_1194	pre_413
pre_1194	pre_1274
pre_1194	pre_1186
pre_1202	pre_1202
pre_1202	pre_1169
pre_1202	pre_1162
pre_1204	pre_1204
pre_1204	pre_616
pre_1204	pre_630
pre_1209	pre_1209
pre_1210	pre_1210
pre_1210	pre_1058
pre_1210	pre_946
pre_1211	pre_1211
pre_1223	pre_1223
pre_1225	pre_1225
pre_1225	pre_1224
pre_1227	pre_1227
pre_1227	pre_1226
pre_1231	pre_1231
pre_1236	pre_1236
pre_1236	pre_1234
pre_1236	pre_1230
pre_1236	pre_1237
pre_1244	pre_1244
pre_1249	pre_1249
pre_1256	pre_1256
pre_1258	pre_1258
pre_1259	pre_1259
pre_1259	pre_1261
pre_1259	pre_1264
pre_1259	pre_1045
pre_1259	pre_1040
pre_1259	pre_1028
pre_1259	pre_1057
pre_1259	pre_1740
pre_1259	pre_929
pre_1259	pre_1053
pre_1259	pre_1041
pre_1259	pre_1557
pre_1259	pre_865
pre_1259	pre_900
pre_1259	pre_905
pre_1259	pre_999
pre_1259	pre_960
pre_1259	pre_1207
pre_1266	pre_1266
pre_1266	pre_1265
pre_1266	pre_1260
pre_1271	pre_1271
pre_1280	pre_1280
pre_1281	pre_1281
pre_1292	pre_1292
pre_1292	pre_1139
pre_1293	pre_1293
pre_1332	pre_1332
pre_1344	pre_1344
pre_1347	pre_1347
pre_1347	pre_1130
pre_1347	pre_1129
pre_1347	pre_1307
pre_1347	pre_1334
pre_1347	pre_947
pre_1347	pre_956
pre_1347	pre_970
pre_1374	pre_1374
pre_1377	pre_1377
pre_1386	pre_1386
pre_1386	pre_213
pre_1386	pre_216
pre_1386	pre_226
pre_1386	pre_207
pre_1386	pre_228
pre_1386	pre_229
pre_1386	pre_233
pre_1386	pre_1835
pre_1386	pre_1124
pre_1393	pre_1393
pre_1393	pre_1106
pre_1393	pre_1335
pre_1396	pre_1396
pre_1396	pre_1115
pre_1396	pre_1398
pre_1396	pre_1133
pre_1397	pre_1397
pre_1403	pre_1403
pre_1403	pre_1749
pre_1403	pre_857
pre_1403	pre_902
pre_1403	pre_1548
pre_1403	pre_1131
pre_1403	pre_1356
pre_1403	pre_1357
pre_1403	pre_1358
pre_1403	pre_1359
pre_1403	pre_1361
pre_1403	pre_1362
pre_1403	pre_1320
pre_1403	pre_1321
pre_1403	pre_1331
pre_1403	pre_1340
pre_1403	pre_1350
pre_1403	pre_1351
pre_1403	pre_1353
pre_1403	pre_1354
pre_1403	pre_1365
pre_1403	pre_1366
pre_1403	pre_1369
pre_1403	pre_1380
pre_1403	pre_1381
pre_1403	pre_1421
pre_1403	pre_1443
pre_1403	pre_1436
pre_1403	pre_371
pre_1403	pre_631
pre_1403	pre_1035
pre_1403	pre_1305
pre_1403	pre_1020
pre_1403	pre_1064
pre_1404	pre_1404
pre_1408	pre_1408
pre_1408	pre_1101
pre_1408	pre_1086
pre_1408	pre_1942
pre_1408	pre_661
pre_1408	pre_1455
pre_1408	pre_1095
pre_1419	pre_1419
pre_1419	pre_1304
pre_1419	pre_964
pre_1419	pre_1022
pre_1419	pre_1063
pre_1437	pre_1437
pre_1437	pre_1092
pre_1437	pre_1296
pre_1486	pre_1486
pre_1486	pre_1302
pre_1495	pre_1495
pre_1496	pre_1496
pre_1497	pre_1497
pre_1498	pre_1498
pre_1501	pre_1501
pre_1502	pre_1502
pre_1504	pre_1504
pre_1504	pre_1562
pre_1507	pre_1507
pre_1507	pre_1034
pre_1507	pre_1563
pre_1507	pre_1618
pre_1507	pre_1536
pre_1507	pre_1535
pre_1507	pre_1635
pre_1507	pre_1647
pre_1507	pre_1641
pre_1507	pre_1567
pre_1507	pre_1604
pre_1507	pre_1554
pre_1507	pre_1578
pre_1509	pre_1509
pre_1509	pre_1575
pre_1509	pre_1511
pre_1509	pre_1306
pre_1509	pre_1242
pre_1509	pre_1254
pre_1509	pre_862
pre_1509	pre_1144
pre_1509	pre_1499
pre_1509	pre_1500
pre_1509	pre_1503
pre_1509	pre_1506
pre_1509	pre_1508
pre_1509	pre_1519
pre_1509	pre_1526
pre_1509	pre_1530
pre_1509	pre_1540
pre_1509	pre_1566
pre_1509	pre_1612
pre_1509	pre_1614
pre_1509	pre_1626
pre_1509	pre_1644
pre_1509	pre_45
pre_1509	pre_1628
pre_1512	pre_1512
pre_1531	pre_1531
pre_1534	pre_1534
pre_1539	pre_1539
pre_1539	pre_1538
pre_1541	pre_1541
pre_1547	pre_1547
pre_1551	pre_1551
pre_1553	pre_1553
pre_1553	pre_1719
pre_1558	pre_1558
pre_1558	pre_1658
pre_1559	pre_1559
pre_1565	pre_1565
pre_1568	pre_1568
pre_1574	pre_1574
pre_1576	pre_1576
pre_1579	pre_1579
pre_1580	pre_1580
pre_1583	pre_1583
pre_1583	pre_1510
pre_1583	pre_1589
pre_1583	pre_1601
pre_1583	pre_1629
pre_1583	pre_1653
pre_1583	pre_1577
pre_1583	pre_1564
pre_1583	pre_1552
pre_1591	pre_1591
pre_1591	pre_1640
pre_1591	pre_1646
pre_1598	pre_1598
pre_1599	pre_1599
pre_1609	pre_1609
pre_1609	pre_1608
pre_1609	pre_1607
pre_1609	pre_1545
pre_1609	pre_1544
pre_1609	pre_1610
pre_1609	pre_1543
pre_1609	pre_1542
pre_1613	pre_1613
pre_1613	pre_1627
pre_1616	pre_1616
pre_1619	pre_1619
pre_1620	pre_1620
pre_1623	pre_1623
pre_1623	pre_852
pre_1623	pre_921
pre_1623	pre_1069
pre_1623	pre_1077
pre_1623	pre_352
pre_1623	pre_632
pre_1623	pre_691
pre_1623	pre_1043
pre_1623	pre_1098
pre_1623	pre_1336
pre_1623	pre_1097
pre_1623	pre_1617
pre_1624	pre_1624
pre_1625	pre_1625
pre_1630	pre_1630
pre_1631	pre_1631
pre_1631	pre_1514
pre_1631	pre_1546
pre_1631	pre_1549
pre_1631	pre_1581
pre_1631	pre_1602
pre_1631	pre_1621
pre_1637	pre_1637
pre_1642	pre_1642
pre_1642	pre_1505
pre_1642	pre_1518
pre_1642	pre_1527
pre_1643	pre_1643
pre_1643	pre_1517
pre_1648	pre_1648
pre_1648	pre_1571
pre_1648	pre_1572
pre_1652	pre_1652
pre_1654	pre_1654
pre_1655	pre_1655
pre_1656	pre_1656
pre_1657	pre_1657
pre_1659	pre_1659
pre_1660	pre_1660
pre_1661	pre_1661
pre_1662	pre_1662
pre_1663	pre_1663
pre_1664	pre_1664
pre_1664	pre_1667
pre_1665	pre_1665
pre_1665	pre_1759
pre_1665	pre_1761
pre_1666	pre_1666
pre_1669	pre_1669
pre_1670	pre_1670
pre_1670	pre_67
pre_1671	pre_1671
pre_1671	pre_1672
pre_1673	pre_1673
pre_1673	pre_1677
pre_1673	pre_349
pre_1673	pre_1674
pre_1673	pre_1675
pre_1673	pre_1679
pre_1673	pre_253
pre_1673	pre_1676
pre_1678	pre_1678
pre_1680	pre_1680
pre_1681	pre_1681
pre_1682	pre_1682
pre_1684	pre_1684
pre_1685	pre_1685
pre_1685	pre_2986
pre_1686	pre_1686
pre_1687	pre_1687
pre_1688	pre_1688
pre_1690	pre_1690
pre_1691	pre_1691
pre_1693	pre_1693
pre_1693	pre_2148
pre_1694	pre_1694
pre_1695	pre_1695
pre_1697	pre_1697
pre_1699	pre_1699
pre_1705	pre_1705
pre_1707	pre_1707
pre_1707	pre_1702
pre_1708	pre_1708
pre_1709	pre_1709
pre_1714	pre_1714
pre_1714	pre_314
pre_1717	pre_1717
pre_1718	pre_1718
pre_1722	pre_1722
pre_1726	pre_1726
pre_1726	pre_1724
pre_1727	pre_1727
pre_1730	pre_1730
pre_1731	pre_1731
pre_1732	pre_1732
pre_1735	pre_1735
pre_1735	pre_331
pre_1735	pre_34
pre_1736	pre_1736
pre_1741	pre_1741
pre_1744	pre_1744
pre_1746	pre_1746
pre_1748	pre_1748
pre_1756	pre_1756
pre_1757	pre_1757
pre_1758	pre_1758
pre_1760	pre_1760
pre_1762	pre_1762
pre_1773	pre_1773
pre_1773	pre_1742
pre_1774	pre_1774
pre_1776	pre_1776
pre_1777	pre_1777
pre_1788	pre_1788
pre_1788	pre_1764
pre_1791	pre_1791
pre_1791	pre_1745
pre_1792	pre_1792
pre_1792	pre_1750
pre_1792	pre_1779
pre_1792	pre_1780
pre_1792	pre_1784
pre_1794	pre_1794
pre_1795	pre_1795
pre_1795	pre_1112
pre_1795	pre_1107
pre_1795	pre_1481
pre_1795	pre_1094
pre_1795	pre_1383
pre_1795	pre_1391
pre_1795	pre_1341
pre_1795	pre_1323
pre_1795	pre_1412
pre_1795	pre_1432
pre_1795	pre_1445
pre_1795	pre_1448
pre_1796	pre_1796
pre_1803	pre_1803
pre_1804	pre_1804
pre_1805	pre_1805
pre_1807	pre_1807
pre_1807	pre_2465
pre_1807	pre_3009
pre_1807	pre_2997
pre_1809	pre_1809
pre_1809	pre_1765
pre_1809	pre_1600
pre_1809	pre_1533
pre_1809	pre_1532
pre_1811	pre_1811
pre_1811	pre_1810
pre_1833	pre_1833
pre_1833	pre_1802
pre_1833	pre_1812
pre_1833	pre_1814
pre_1833	pre_1821
pre_1833	pre_1828
pre_1833	pre_1815
pre_1833	pre_1816
pre_1833	pre_1818
pre_1833	pre_1820
pre_1833	pre_1823
pre_1833	pre_1824
pre_1833	pre_1826
pre_1833	pre_1829
pre_1833	pre_1819
pre_1833	pre_1817
pre_1833	pre_1825
pre_1833	pre_1797
pre_1833	pre_1799
pre_1833	pre_1800
pre_1833	pre_1813
pre_1833	pre_1798
pre_1833	pre_1801
pre_1833	pre_1806
pre_1833	pre_1822
pre_1833	pre_1830
pre_1833	pre_1831
pre_1833	pre_1832
pre_1834	pre_1834
pre_1836	pre_1836
pre_1837	pre_1837
pre_1838	pre_1838
pre_1838	pre_1868
pre_1838	pre_1869
pre_1838	pre_1856
pre_1839	pre_1839
pre_1850	pre_1850
pre_1851	pre_1851
pre_1852	pre_1852
pre_1853	pre_1853
pre_1853	pre_48
pre_1853	pre_274
pre_1853	pre_1860
pre_1853	pre_1865
pre_1857	pre_1857
pre_1858	pre_1858
pre_1861	pre_1861
pre_1861	pre_49
pre_1861	pre_1866
pre_1861	pre_1854
pre_1861	pre_275
pre_1862	pre_1862
pre_1863	pre_1863
pre_1863	pre_1855
pre_1867	pre_1867
pre_1871	pre_1871
pre_1877	pre_1877
pre_1877	pre_1876
pre_1877	pre_1689
pre_1879	pre_1879
pre_1894	pre_1894
pre_1896	pre_1896
pre_1896	pre_1895
pre_1898	pre_1898
pre_1911	pre_1911
pre_1911	pre_3006
pre_1912	pre_1912
pre_1912	pre_1916
pre_1912	pre_1921
pre_1912	pre_1878
pre_1912	pre_1870
pre_1912	pre_1880
pre_1912	pre_1882
pre_1912	pre_1907
pre_1912	pre_1909
pre_1912	pre_1928
pre_1912	pre_1929
pre_1912	pre_1888
pre_1934	pre_1934
pre_1935	pre_1935
pre_1935	pre_1933
pre_1936	pre_1936
pre_1936	pre_1698
pre_1937	pre_1937
pre_1938	pre_1938
pre_1940	pre_1940
pre_1945	pre_1945
pre_1947	pre_1947
pre_139	pre_139
pre_141	pre_141
pre_152	pre_152
pre_152	pre_72
pre_152	pre_76
pre_152	pre_113
pre_152	pre_146
pre_153	pre_153
pre_155	pre_155
pre_156	pre_156
pre_157	pre_157
pre_158	pre_158
pre_159	pre_159
pre_162	pre_162
pre_162	pre_161
pre_163	pre_163
pre_164	pre_164
pre_166	pre_166
pre_168	pre_168
pre_168	pre_167
pre_170	pre_170
pre_170	pre_171
pre_173	pre_173
pre_175	pre_175
pre_176	pre_176
pre_177	pre_177
pre_181	pre_181
pre_183	pre_183
pre_185	pre_185
pre_192	pre_192
pre_192	pre_180
pre_192	pre_188
pre_192	pre_189
pre_192	pre_191
pre_193	pre_193
pre_193	pre_178
pre_193	pre_187
pre_193	pre_200
pre_193	pre_196
pre_201	pre_201
pre_202	pre_202
pre_203	pre_203
pre_204	pre_204
pre_208	pre_208
pre_209	pre_209
pre_210	pre_210
pre_219	pre_219
pre_220	pre_220
pre_220	pre_206
pre_221	pre_221
pre_221	pre_205
pre_232	pre_232
pre_232	pre_212
pre_232	pre_223
pre_236	pre_236
pre_236	pre_235
pre_237	pre_237
pre_237	pre_231
pre_237	pre_218
pre_237	pre_260
pre_243	pre_243
pre_245	pre_245
pre_246	pre_246
pre_246	pre_2458
pre_246	pre_247
pre_246	pre_1700
pre_246	pre_2666
pre_246	pre_2665
pre_246	pre_2253
pre_246	pre_2835
pre_246	pre_248
pre_246	pre_244
pre_249	pre_249
pre_251	pre_251
pre_251	pre_250
pre_252	pre_252
pre_252	pre_255
pre_252	pre_256
pre_254	pre_254
pre_257	pre_257
pre_259	pre_259
pre_2117	pre_2117
pre_2130	pre_2130
pre_2133	pre_2133
pre_2143	pre_2143
pre_2144	pre_2144
pre_2146	pre_2146
pre_2152	pre_2152
pre_2198	pre_2198
pre_2199	pre_2199
pre_2199	pre_2013
pre_2199	pre_2014
pre_2199	pre_2210
pre_2199	pre_2653
pre_2199	pre_2064
pre_2202	pre_2202
pre_2202	pre_2918
pre_2204	pre_2204
pre_2215	pre_2215
pre_2216	pre_2216
pre_2218	pre_2218
pre_2221	pre_2221
pre_2225	pre_2225
pre_2225	pre_2579
pre_2225	pre_2981
pre_2225	pre_2173
pre_2231	pre_2231
pre_2236	pre_2236
pre_2237	pre_2237
pre_2731	pre_2731
pre_2731	pre_2097
pre_2731	pre_2235
pre_2731	pre_2288
pre_2731	pre_2302
pre_2731	pre_2325
pre_2731	pre_2327
pre_2731	pre_2370
pre_2731	pre_2877
pre_2731	pre_2882
pre_2731	pre_283
pre_2731	pre_2141
pre_2731	pre_2561
pre_2731	pre_2207
pre_2731	pre_2483
pre_2731	pre_2837
pre_2731	pre_2609
pre_2731	pre_2151
pre_2731	pre_2261
pre_2731	pre_2841
pre_2731	pre_2306
pre_2731	pre_2154
pre_2738	pre_2738
pre_2738	pre_2290
pre_2738	pre_285
pre_2738	pre_2323
pre_2738	pre_2351
pre_2738	pre_2879
pre_2738	pre_2010
pre_2738	pre_2111
pre_2738	pre_2331
pre_2738	pre_2372
pre_2744	pre_2744
pre_2750	pre_2750
pre_2751	pre_2751
pre_2756	pre_2756
pre_2756	pre_2017
pre_2756	pre_2094
pre_2756	pre_2792
pre_2756	pre_2795
pre_2756	pre_2084
pre_2756	pre_2120
pre_2756	pre_2554
pre_2756	pre_2748
pre_2756	pre_2699
pre_2756	pre_2752
pre_2756	pre_2813
pre_2756	pre_2156
pre_2756	pre_2073
pre_2756	pre_2157
pre_2756	pre_2493
pre_2756	pre_2548
pre_2756	pre_2079
pre_2756	pre_1964
pre_2756	pre_1963
pre_2756	pre_2106
pre_2756	pre_2142
pre_2756	pre_2155
pre_2756	pre_2533
pre_2756	pre_2558
pre_2756	pre_2573
pre_2756	pre_2606
pre_2756	pre_2655
pre_2756	pre_2800
pre_2756	pre_2846
pre_2756	pre_2597
pre_2756	pre_2497
pre_2756	pre_2536
pre_2765	pre_2765
pre_2774	pre_2774
pre_2793	pre_2793
pre_2794	pre_2794
pre_2804	pre_2804
pre_2804	pre_2564
pre_2804	pre_2803
pre_2805	pre_2805
pre_2817	pre_2817
pre_2817	pre_2229
pre_2817	pre_2611
pre_2817	pre_2565
pre_2817	pre_2175
pre_2817	pre_2174
pre_2817	pre_2007
pre_2817	pre_2901
pre_2817	pre_2902
pre_2817	pre_2586
pre_2817	pre_2588
pre_2817	pre_2799
pre_2817	pre_2974
pre_2817	pre_2977
pre_2817	pre_2211
pre_2817	pre_2212
pre_2817	pre_2485
pre_2817	pre_2192
pre_2819	pre_2819
pre_2819	pre_2167
pre_2819	pre_2169
pre_2825	pre_2825
pre_2825	pre_2438
pre_2826	pre_2826
pre_2826	pre_2100
pre_2826	pre_2012
pre_2826	pre_2103
pre_2826	pre_2802
pre_2828	pre_2828
pre_2828	pre_288
pre_2828	pre_293
pre_2831	pre_2831
pre_2832	pre_2832
pre_2832	pre_2018
pre_2832	pre_2681
pre_2838	pre_2838
pre_2850	pre_2850
pre_2851	pre_2851
pre_2853	pre_2853
pre_2858	pre_2858
pre_2858	pre_2631
pre_2858	pre_2060
pre_2858	pre_2773
pre_2858	pre_2542
pre_2858	pre_1897
pre_1950	pre_1950
pre_1951	pre_1951
pre_1954	pre_1954
pre_1954	pre_2911
pre_1954	pre_2525
pre_1954	pre_2528
pre_1954	pre_2552
pre_1954	pre_1956
pre_1954	pre_2500
pre_1954	pre_1941
pre_1954	pre_1944
pre_1957	pre_1957
pre_1959	pre_1959
pre_1966	pre_1966
pre_1966	pre_1965
pre_1973	pre_1973
pre_1976	pre_1976
pre_1977	pre_1977
pre_1981	pre_1981
pre_1983	pre_1983
pre_1984	pre_1984
pre_1986	pre_1986
pre_2015	pre_2015
pre_2027	pre_2027
pre_2039	pre_2039
pre_2039	pre_2460
pre_2039	pre_2930
pre_2039	pre_2912
pre_2039	pre_2524
pre_2039	pre_2163
pre_2039	pre_2159
pre_2039	pre_2089
pre_2039	pre_2083
pre_2039	pre_2437
pre_2039	pre_2439
pre_2054	pre_2054
pre_2059	pre_2059
pre_2059	pre_2165
pre_2059	pre_2521
pre_2072	pre_2072
pre_2072	pre_2512
pre_2074	pre_2074
pre_2074	pre_2711
pre_2074	pre_2480
pre_2074	pre_2829
pre_2074	pre_2885
pre_2074	pre_2966
pre_2074	pre_2016
pre_2074	pre_2160
pre_2074	pre_2635
pre_2074	pre_2717
pre_2074	pre_2922
pre_2074	pre_2593
pre_2074	pre_2766
pre_2074	pre_2109
pre_2074	pre_2859
pre_2076	pre_2076
pre_2081	pre_2081
pre_2081	pre_2080
pre_2081	pre_2940
pre_2082	pre_2082
pre_2086	pre_2086
pre_2093	pre_2093
pre_3002	pre_3002
pre_3003	pre_3003
pre_3004	pre_3004
pre_3007	pre_3007
pre_3008	pre_3008
pre_3010	pre_3010
pre_3012	pre_3012
pre_3015	pre_3015
pre_3015	pre_705
pre_3015	pre_729
pre_3015	pre_1632
pre_3015	pre_842
pre_3015	pre_843
pre_3015	pre_1288
pre_3015	pre_1291
pre_3015	pre_1108
pre_3015	pre_1410
pre_3015	pre_1401
pre_3015	pre_1752
pre_3015	pre_1778
pre_3015	pre_1781
pre_3015	pre_1783
pre_3015	pre_1793
pre_3015	pre_1262
pre_3015	pre_1789
pre_3015	pre_1790
pre_3015	pre_598
pre_3015	pre_1228
pre_3015	pre_1026
pre_3015	pre_1751
pre_3015	pre_1782
pre_3015	pre_924
pre_3015	pre_1081
pre_3015	pre_1102
pre_3015	pre_1299
pre_3015	pre_1303
pre_3015	pre_1348
pre_3015	pre_1376
pre_3015	pre_1428
pre_3015	pre_1257
pre_3015	pre_1450
pre_3015	pre_1561
pre_3015	pre_1772
pre_3015	pre_353
pre_3015	pre_1009
pre_3015	pre_2842
pre_3015	pre_1615
pre_3015	pre_2061
pre_3015	pre_638
pre_3015	pre_1042
pre_3015	pre_1153
pre_3015	pre_2810
pre_3015	pre_633
pre_3015	pre_937
pre_3015	pre_313
pre_3015	pre_856
pre_3015	pre_1584
pre_3015	pre_1556
pre_3015	pre_1605
pre_3015	pre_617
pre_3016	pre_3016
pre_3016	pre_3005
pre_3018	pre_3018
pre_3019	pre_3019
pre_3020	pre_3020
pre_3020	pre_3011
pre_3020	pre_3021
pre_3020	pre_1766
pre_3022	pre_3022
pre_3022	pre_100
pre_3023	pre_3023
pre_3026	pre_3026
pre_3033	pre_3033
pre_3033	pre_2712
pre_3033	pre_3027
pre_3033	pre_1859
pre_3033	pre_3042
pre_3033	pre_1975
pre_3033	pre_1979
pre_3033	pre_3045
pre_3033	pre_3029
pre_3033	pre_3031
pre_3033	pre_2025
pre_3033	pre_3036
pre_3033	pre_2753
pre_3033	pre_3041
pre_3033	pre_3046
pre_3033	pre_3048
pre_3033	pre_1962
pre_3033	pre_3028
pre_3033	pre_2187
pre_3033	pre_3035
pre_3033	pre_3043
pre_3033	pre_3044
pre_3033	pre_3055
pre_3033	pre_3037
pre_3033	pre_3040
pre_3033	pre_1948
pre_3033	pre_2077
pre_3033	pre_2114
pre_3033	pre_3052
pre_3033	pre_2594
pre_3033	pre_3034
pre_3033	pre_133
pre_3033	pre_2459
pre_3033	pre_3054
pre_3033	pre_3032
pre_3033	pre_3038
pre_3033	pre_3039
pre_3033	pre_3049
pre_3033	pre_3051
pre_3033	pre_2623
pre_3033	pre_1980
pre_3033	pre_3030
pre_3033	pre_2429
pre_3047	pre_3047
pre_3050	pre_3050
pre_3053	pre_3053
pre_3061	pre_3061
pre_3061	pre_2988
pre_3061	pre_3058
pre_3061	pre_3059
pre_3061	pre_2995
pre_3061	pre_3060
pre_3061	pre_2993
pre_3061	pre_2992
pre_3061	pre_3056
pre_3061	pre_1692
pre_3061	pre_1683
pre_3061	pre_3057
pre_3062	pre_3062
pre_2610	pre_2610
pre_2610	pre_2888
pre_2612	pre_2612
pre_2621	pre_2621
pre_2622	pre_2622
pre_2628	pre_2628
pre_2629	pre_2629
pre_2630	pre_2630
pre_2630	pre_2809
pre_2630	pre_2816
pre_2630	pre_2807
pre_2641	pre_2641
pre_2642	pre_2642
pre_2643	pre_2643
pre_2643	pre_2619
pre_2643	pre_2220
pre_2643	pre_2217
pre_2643	pre_2638
pre_2643	pre_2627
pre_2643	pre_2062
pre_2643	pre_2962
pre_2643	pre_2729
pre_2643	pre_2071
pre_2643	pre_2434
pre_2643	pre_2677
pre_2643	pre_2745
pre_2643	pre_2545
pre_2643	pre_2658
pre_2643	pre_2961
pre_2643	pre_2601
pre_2643	pre_2811
pre_2643	pre_2442
pre_2643	pre_2559
pre_2643	pre_2562
pre_2647	pre_2647
pre_2647	pre_2515
pre_2648	pre_2648
pre_2652	pre_2652
pre_2654	pre_2654
pre_2654	pre_2566
pre_2657	pre_2657
pre_2657	pre_2907
pre_2657	pre_2034
pre_2657	pre_2508
pre_2669	pre_2669
pre_2670	pre_2670
pre_2672	pre_2672
pre_2673	pre_2673
pre_2682	pre_2682
pre_2692	pre_2692
pre_2693	pre_2693
pre_2695	pre_2695
pre_2695	pre_2119
pre_2695	pre_2289
pre_2695	pre_2659
pre_2695	pre_2461
pre_2695	pre_2845
pre_2700	pre_2700
pre_2701	pre_2701
pre_2701	pre_2570
pre_2701	pre_2685
pre_2704	pre_2704
pre_2704	pre_2646
pre_2704	pre_2115
pre_2704	pre_2443
pre_2704	pre_2546
pre_2704	pre_2563
pre_2710	pre_2710
pre_2710	pre_2172
pre_2710	pre_2626
pre_2710	pre_2663
pre_2710	pre_2743
pre_2710	pre_2909
pre_2723	pre_2723
pre_2242	pre_2242
pre_2251	pre_2251
pre_2252	pre_2252
pre_2273	pre_2273
pre_2274	pre_2274
pre_2276	pre_2276
pre_2276	pre_2617
pre_2276	pre_2937
pre_2292	pre_2292
pre_2292	pre_2373
pre_2292	pre_2009
pre_2292	pre_2112
pre_2292	pre_2737
pre_2292	pre_2232
pre_2292	pre_2265
pre_2292	pre_286
pre_2292	pre_2282
pre_2292	pre_2284
pre_2292	pre_2300
pre_2292	pre_2321
pre_2292	pre_2328
pre_2292	pre_2878
pre_2292	pre_2880
pre_2369	pre_2369
pre_2369	pre_2840
pre_2369	pre_2482
pre_2369	pre_2150
pre_2369	pre_2305
pre_2369	pre_2836
pre_2369	pre_2140
pre_2369	pre_2560
pre_2369	pre_282
pre_2369	pre_2234
pre_2369	pre_2287
pre_2369	pre_2301
pre_2369	pre_2881
pre_2369	pre_2096
pre_2369	pre_2153
pre_2369	pre_2206
pre_2369	pre_2260
pre_2369	pre_2324
pre_2369	pre_2326
pre_2369	pre_2608
pre_2369	pre_2730
pre_2427	pre_2427
pre_2436	pre_2436
pre_2436	pre_2075
pre_2436	pre_2664
pre_2436	pre_2706
pre_2436	pre_2514
pre_2436	pre_2761
pre_2436	pre_2965
pre_2440	pre_2440
pre_2440	pre_2686
pre_2440	pre_2680
pre_2440	pre_2441
pre_2448	pre_2448
pre_2448	pre_2433
pre_2448	pre_2098
pre_2450	pre_2450
pre_2450	pre_2147
pre_2451	pre_2451
pre_2455	pre_2455
pre_2457	pre_2457
pre_2462	pre_2462
pre_2462	pre_2227
pre_2462	pre_2228
pre_2463	pre_2463
pre_2487	pre_2487
pre_2488	pre_2488
pre_2488	pre_2945
pre_2488	pre_2102
pre_2490	pre_2490
pre_2491	pre_2491
